timestamp,avg_latency,max_latency,request_rate,error_rate,latency_std,errors_per_window,endpoint_frequency
"2026-03-13 23:23:00",90.320833333333,1075.11,1,0,296.92586705153,0,2
"2026-03-13 23:24:00",526.36831858407,7009.66,1,0.088495575221239,1436.2490882666,10,5
"2026-03-13 23:25:00",512.35628571429,6010.79,1,0.095238095238095,1335.5230703527,10,5
"2026-03-13 23:26:00",361.23754385965,6006.31,1,0.093567251461988,999.94232606952,16,5
"2026-03-13 23:27:00",857.71196969697,7007.04,1,0.03030303030303,1761.8522825366,2,4
"2026-03-13 23:28:00",599.5697029703,7013.76,1,0.059405940594059,1491.9960588084,6,4
"2026-03-13 23:29:00",551.77603960396,7009.74,1,0.02970297029703,1484.9616779488,3,4
"2026-03-13 23:30:00",463.80327868852,7010.13,1,0.10655737704918,1233.7062523002,13,5
"2026-03-13 23:31:00",720.70305882353,7009.35,1,0.10588235294118,1798.3872380703,9,5
"2026-03-13 23:32:00",1033.4685714286,7010.96,1,0.089285714285714,1936.7979957038,5,5
"2026-03-13 23:33:00",348.88652694611,6007.64,1,0.065868263473054,921.70164572926,11,4
"2026-03-13 23:34:00",643.61791208791,7009.05,1,0.098901098901099,1524.2200425161,9,5
"2026-03-13 23:35:00",492.27495726496,6009.42,1,0.1025641025641,955.06861830507,12,5
"2026-03-13 23:36:00",973.7135,7013.42,1,0.05,2002.5725832279,3,5
"2026-03-13 23:37:00",513.68303571429,7008.11,1,0.0625,1397.0547051532,7,5
"2026-03-13 23:38:00",608.55694736842,7009.04,1,0.052631578947368,1552.391905571,5,4
"2026-03-13 23:39:00",504.14905982906,6015.05,1,0.1025641025641,1349.4922979846,12,5
"2026-03-13 23:40:00",378.9434,7006.26,1,0.08,1079.2550751364,12,5
"2026-03-13 23:41:00",503.3507826087,7014.71,1,0.052173913043478,1210.7989228196,6,5
"2026-03-13 23:42:00",790.07432432432,7007.33,1,0.040540540540541,1561.8621628892,3,3
"2026-03-13 23:43:00",615.70277777778,7012.45,1,0.1,1483.5015732546,9,5
"2026-03-13 23:44:00",534.84365217391,6003.76,1,0.069565217391304,1238.9205924382,8,5
"2026-03-13 23:45:00",872.95984375,7009.55,1,0.0625,1708.6903868529,4,5
"2026-03-13 23:46:00",483.67049180328,7020.25,1,0.081967213114754,1470.0857940983,10,5
"2026-03-13 23:47:00",612.98092783505,6011.83,1,0.061855670103093,1376.4898798277,6,5
"2026-03-13 23:48:00",548.89171717172,7015.12,1,0.090909090909091,1515.0567869005,9,5
"2026-03-13 23:49:00",308.55994535519,7015.58,1,0.081967213114754,1125.1057816184,15,5
"2026-03-13 23:50:00",615.5356043956,7010.18,1,0.054945054945055,1577.2035344912,5,5
"2026-03-13 23:51:00",690.59408602151,7012.15,1,0.096774193548387,1756.7826702231,9,5
"2026-03-13 23:52:00",423.10773722628,7013.87,1,0.043795620437956,1245.7654496857,6,5
"2026-03-13 23:53:00",353.14108108108,7009.41,1,0.074324324324324,1108.6431883279,11,5
"2026-03-13 23:54:00",992.75898305085,7006.7,1,0.050847457627119,1887.652009075,3,5
"2026-03-13 23:55:00",550.22219298246,7007.43,1,0.096491228070175,1233.7403840709,11,5
"2026-03-13 23:56:00",557.33731958763,7011.51,1,0.072164948453608,1540.7258438222,7,4
"2026-03-13 23:57:00",491.89632,7007.19,1,0.04,1185.814527147,5,5
"2026-03-13 23:58:00",502.48675925926,7011.53,1,0.074074074074074,1256.9332368896,8,5
"2026-03-13 23:59:00",602.2362244898,7008.08,1,0.10204081632653,1558.2628893474,10,5
"2026-03-14 00:00:00",616.27593406593,7009.45,1,0.032967032967033,1516.4462814919,3,4
"2026-03-14 00:01:00",685.43847826087,7006.39,1,0.076086956521739,1544.5842439627,7,4
"2026-03-14 00:02:00",431.77664122137,7006.08,1,0.10687022900763,1196.9458192669,14,5
"2026-03-14 00:03:00",507.24282051282,7012.6,1,0.076923076923077,1276.1156572834,9,5
"2026-03-14 00:04:00",949.00258064516,7010.15,1,0.048387096774194,2012.5791002495,3,5
"2026-03-14 00:05:00",607.26547368421,7010.43,1,0.084210526315789,1458.8565058759,8,5
"2026-03-14 00:06:00",482.99846153846,7015.14,1,0.076923076923077,1447.2030139192,9,5
"2026-03-14 00:07:00",581.8075,6014.27,1,0.054347826086957,1381.8255308166,5,5
"2026-03-14 00:08:00",590.38972222222,7015.37,1,0.055555555555556,1394.3946772813,6,5
"2026-03-14 00:09:00",394.07489208633,7014.62,1,0.071942446043165,1117.2919927348,10,5
"2026-03-14 00:10:00",456.771875,7016.06,1,0.1015625,1262.459056024,13,5
"2026-03-14 00:11:00",674.64685393258,7014.18,1,0.089887640449438,1650.2831116383,8,5
"2026-03-14 00:12:00",448.89159663866,7009.69,1,0.067226890756303,1256.9514151986,8,5
"2026-03-14 00:13:00",621.7796039604,7007.05,1,0.069306930693069,1545.231775037,7,5
"2026-03-14 00:14:00",414.85014285714,6014.48,1,0.10714285714286,1129.4076284394,15,5
"2026-03-14 00:15:00",455.39798387097,6008.23,1,0.032258064516129,1060.1068124007,4,4
"2026-03-14 00:16:00",300.96413978495,7013.03,1,0.06989247311828,968.37608523075,13,5
"2026-03-14 00:17:00",373.10828025478,7013.11,1,0.10191082802548,974.38766563304,16,5
"2026-03-14 00:18:00",617.59873684211,7015.43,1,0.073684210526316,1526.8433784602,7,5
"2026-03-14 00:19:00",737.32064102564,7012.11,1,0.038461538461538,1641.7881643144,3,5
"2026-03-14 00:20:00",550.11613207547,7007.77,1,0.075471698113208,1331.3169491278,8,5
"2026-03-14 00:21:00",555.08352380952,7008.23,1,0.047619047619048,1488.3502446458,5,5
"2026-03-14 00:22:00",460.57373015873,7012.96,1,0.079365079365079,1268.5274227327,10,5
"2026-03-14 00:23:00",275.36030456853,7012.33,1,0.040609137055838,870.85049272717,8,4
"2026-03-14 00:24:00",385.61472222222,7009.21,1,0.076388888888889,1214.6894452704,11,5
"2026-03-14 00:25:00",747.40168831169,7008.08,1,0.051948051948052,1600.8347034954,4,5
"2026-03-14 00:26:00",517.22612068966,7015.85,1,0.10344827586207,1392.4217372366,12,5
"2026-03-14 00:27:00",648.28576086957,7017.06,1,0.08695652173913,1664.6327912912,8,5
"2026-03-14 00:28:00",432.43403100775,6011.79,1,0.077519379844961,1252.3650196313,10,5
"2026-03-14 00:29:00",476.7689516129,7014.61,1,0.064516129032258,1270.2390149723,8,5
"2026-03-14 00:30:00",393.17767123288,7004.38,1,0.034246575342466,1147.7876056153,5,4
"2026-03-14 00:31:00",459.72584615385,7003.97,1,0.046153846153846,1241.0881406527,6,5
"2026-03-14 00:32:00",398.91057142857,7011.95,1,0.035714285714286,1088.4823333226,5,5
"2026-03-14 00:33:00",448.1953968254,7013.25,1,0.1031746031746,1028.0640294097,13,5
"2026-03-14 00:34:00",736.36049382716,7010.79,1,0.12345679012346,1741.8067732956,10,5
"2026-03-14 00:35:00",644.37902173913,6018.9,1,0.065217391304348,1516.7590528048,6,5
"2026-03-14 00:36:00",490.77974358974,7013.59,1,0.076923076923077,1394.4019267812,9,5
"2026-03-14 00:37:00",494.60303571429,7016.28,1,0.0625,1375.1726664125,7,5
"2026-03-14 00:38:00",564.09519607843,7007.22,1,0.068627450980392,1468.1621085032,7,5
"2026-03-14 00:39:00",510.23895652174,7010.56,1,0.08695652173913,1422.760293898,10,5
"2026-03-14 00:40:00",753.18085714286,7016.52,1,0.071428571428571,1640.4805785525,5,4
"2026-03-14 00:41:00",762.35892857143,7010.58,1,0.05952380952381,1857.3745823839,5,5
"2026-03-14 00:42:00",667.87829268293,7014.37,1,0.073170731707317,1573.6956538072,6,5
"2026-03-14 00:43:00",503.3925210084,7002.41,1,0.07563025210084,1389.9833112723,9,5
"2026-03-14 00:44:00",616.60933333333,7008.68,1,0.033333333333333,1521.8358322374,3,5
"2026-03-14 00:45:00",775.25479452055,7016.81,1,0.041095890410959,1774.7182605004,3,4
"2026-03-14 00:46:00",806.45943661972,7005.35,1,0.042253521126761,1640.5440072585,3,5
"2026-03-14 00:47:00",394.03028776978,6011.7,1,0.071942446043165,1071.2761954407,10,5
"2026-03-14 00:48:00",659.69105882353,7011.61,1,0.047058823529412,1622.3498428928,4,5
"2026-03-14 00:49:00",1097.1011320755,7014.46,1,0.056603773584906,2035.1905833937,3,4
"2026-03-14 00:50:00",827.1652173913,7017.31,1,0.10144927536232,1932.0245894042,7,5
"2026-03-14 00:51:00",580.40177083333,7016.29,1,0.09375,1336.4893475874,9,5
"2026-03-14 00:52:00",564.07326315789,7015.74,1,0.021052631578947,1451.8931376078,2,5
"2026-03-14 00:53:00",582.28875,7007.43,1,0.057692307692308,1406.2270961517,6,5
"2026-03-14 00:54:00",577.59309278351,7010.61,1,0.051546391752577,1504.9055256592,5,4
"2026-03-14 00:55:00",466.20974137931,7015.28,1,0.077586206896552,1265.9235295274,9,4
"2026-03-14 00:56:00",494.57114754098,7014.65,1,0.10655737704918,1330.2213072275,13,5
"2026-03-14 00:57:00",597.37112359551,7013.33,1,0.078651685393258,1514.3039243175,7,5
"2026-03-14 00:58:00",902.44776119403,7014.34,1,0.044776119402985,1832.0495797842,3,4
"2026-03-14 00:59:00",502.28961165049,7012.43,1,0.087378640776699,1486.6398336353,9,5
"2026-03-14 01:00:00",555.3890990991,7012.94,1,0.09009009009009,1446.4225008562,10,5
"2026-03-14 01:01:00",563.87349514563,7015.29,1,0.067961165048544,1381.3288449253,7,5
"2026-03-14 01:02:00",607.83073684211,7003.58,1,0.084210526315789,1458.1924140324,8,5
"2026-03-14 01:03:00",409.79561538462,6017.34,1,0.069230769230769,1030.6911216125,9,5
"2026-03-14 01:04:00",517.98657894737,7008.95,1,0.070175438596491,1520.2376224198,8,5
"2026-03-14 01:05:00",495.55290598291,7002,1,0.042735042735043,1299.7768187398,5,5
"2026-03-14 01:06:00",581.12083333333,7002.55,1,0.072916666666667,1273.1478563925,7,5
"2026-03-14 01:07:00",665.32659090909,7017.02,1,0.056818181818182,1469.3183114589,5,5
"2026-03-14 01:08:00",445.2914159292,7009.62,1,0.061946902654867,1303.161851589,7,5
"2026-03-14 01:09:00",499.10420634921,7011.29,1,0.055555555555556,1346.5770397917,7,5
"2026-03-14 01:10:00",699.52678571429,7010.2,1,0.035714285714286,1694.3712048133,3,4
"2026-03-14 01:11:00",400.94845588235,6015.89,1,0.26470588235294,1027.6056527776,36,4
"2026-03-14 01:12:00",303.32318435754,7016.02,1,0.35195530726257,1071.5286824256,63,5
"2026-03-14 01:13:00",537.74110091743,7002.74,1,0.37614678899083,1392.1861430919,41,5
"2026-03-14 01:14:00",597.45648351648,7012.43,1,0.30769230769231,1708.1497476673,28,4
"2026-03-14 01:15:00",461.5009375,7016.81,1,0.3515625,1271.5458326503,45,4
"2026-03-14 01:16:00",508.37936363636,7004.84,1,0.36363636363636,1441.9164153567,40,5
"2026-03-14 01:17:00",588.41465346535,7008.73,1,0.41584158415842,1609.1699486366,42,5
"2026-03-14 01:18:00",605.13270588235,7014.27,1,0.34117647058824,1636.860881704,29,5
"2026-03-14 01:19:00",334.89843243243,7016.6,1,0.38918918918919,1158.4139666701,72,5
"2026-03-14 01:20:00",332.54584337349,7003.62,1,0.40361445783133,1167.9802707945,67,5
"2026-03-14 01:21:00",536.67542056075,7017.35,1,0.34579439252336,1452.4243725754,37,4
"2026-03-14 01:22:00",285.41754010695,7004,1,0.3048128342246,1067.1086593177,57,5
"2026-03-14 01:23:00",480.41460176991,7013.73,1,0.3716814159292,1532.3913354797,42,5
"2026-03-14 01:24:00",903.12507936508,7005.99,1,0.33333333333333,1901.5314118979,21,5
"2026-03-14 01:25:00",460.93076271186,7009.94,1,0.38983050847458,1492.4446665518,46,5
"2026-03-14 01:26:00",625.38936170213,7006.42,1,0.4468085106383,1805.458111587,42,5
"2026-03-14 01:27:00",320.60994152047,7013.77,1,0.35672514619883,1079.3137634229,61,5
"2026-03-14 01:28:00",373.1124375,7010.68,1,0.34375,1282.1242720076,55,5
"2026-03-14 01:29:00",530.49792079208,7016.62,1,0.36633663366337,1498.0386207234,37,5
"2026-03-14 01:30:00",582.93605769231,7016.06,1,0.19230769230769,1528.1408268411,20,5
"2026-03-14 01:31:00",624.36877777778,7016.79,1,0.088888888888889,1456.2019782074,8,5
"2026-03-14 01:32:00",678.94129411765,6015.28,1,0.035294117647059,1391.2355842663,3,5
"2026-03-14 01:33:00",462.12094017094,7015.44,1,0.05982905982906,1281.7175114979,7,5
"2026-03-14 01:34:00",601.4925,7015.23,1,0.09375,1581.8303861047,9,5
"2026-03-14 01:35:00",552.11495327103,7004.07,1,0.10280373831776,1275.428029385,11,5
"2026-03-14 01:36:00",519.83418181818,7016.42,1,0.1,1407.2502252991,11,5
"2026-03-14 01:37:00",785.72613333333,7006.37,1,0.066666666666667,1707.2346364011,5,5
"2026-03-14 01:38:00",543.4059223301,7015.78,1,0.11650485436893,1532.2337003107,12,5
"2026-03-14 01:39:00",667.88977011494,7014.54,1,0.080459770114943,1673.7469176224,7,4
"2026-03-14 01:40:00",748.17111111111,7014.5,1,0.08641975308642,1698.8326552077,7,4
"2026-03-14 01:41:00",760.59013333333,7009.43,1,0.053333333333333,1720.0414935448,4,4
"2026-03-14 01:42:00",355.40054545455,7014.38,1,0.066666666666667,991.5961722812,11,5
"2026-03-14 01:43:00",421.35522727273,7011.37,1,0.083333333333333,1146.5473838716,11,5
"2026-03-14 01:44:00",584.55318681319,7015.36,1,0.087912087912088,1482.9418079947,8,4
"2026-03-14 01:45:00",421.59891304348,6009.55,1,0.08695652173913,1142.6794509732,12,5
"2026-03-14 01:46:00",526.39352380952,7015.08,1,0.047619047619048,1367.3830845057,5,4
"2026-03-14 01:47:00",524.38280701754,7010.4,1,0.06140350877193,1442.0805366897,7,4
"2026-03-14 01:48:00",431.94203007519,7010.25,1,0.090225563909774,1212.1300094789,12,5
"2026-03-14 01:49:00",347.20668965517,6005.43,1,0.096551724137931,949.73840425598,14,5
"2026-03-14 01:50:00",461.50679389313,7005.77,1,0.068702290076336,1379.5439001618,9,5
"2026-03-14 01:51:00",472.92086206897,7013.79,1,0.094827586206897,1234.4707321844,11,5
"2026-03-14 01:52:00",971.72375,7014.3,1,0.125,2311.692796099,2,3
